GROUP,PACKAGE,CLASS,INSTRUCTION_MISSED,INSTRUCTION_COVERED,BRANCH_MISSED,BRANCH_COVERED,LINE_MISSED,LINE_COVERED,COMPLEXITY_MISSED,COMPLEXITY_COVERED,METHOD_MISSED,METHOD_COVERED
Apache Tika core,org.apache.tika.metadata.writefilter,StandardMetadataLimiter,844,0,100,0,189,0,67,0,17,0
Apache Tika core,org.apache.tika.metadata.writefilter,StandardMetadataLimiter.StringSizePair,12,0,0,0,5,0,1,0,1,0
Apache Tika core,org.apache.tika.metadata.writefilter,StandardMetadataLimiterFactory,156,0,10,0,37,0,22,0,17,0
Apache Tika core,org.apache.tika.utils,StringUtils,247,44,50,9,60,11,32,7,6,3
Apache Tika core,org.apache.tika.utils,XMLReaderUtils.new ErrorHandler() {...},3,3,0,0,3,1,3,1,3,1
Apache Tika core,org.apache.tika.utils,XMLReaderUtils.new DTDHandler() {...},2,3,0,0,2,1,2,1,2,1
Apache Tika core,org.apache.tika.utils,CharsetUtils,72,363,7,25,19,62,6,16,1,5
Apache Tika core,org.apache.tika.utils,XMLReaderUtils,742,540,78,40,220,202,78,26,22,23
Apache Tika core,org.apache.tika.utils,RegexUtils,3,31,0,6,1,9,1,5,1,2
Apache Tika core,org.apache.tika.utils,ServiceLoaderUtils,33,13,0,0,7,4,1,2,1,2
Apache Tika core,org.apache.tika.utils,ParserUtils,9,117,2,12,2,23,3,11,1,6
Apache Tika core,org.apache.tika.utils,XMLReaderUtils.PoolSAXParser,0,25,0,0,0,9,0,4,0,4
Apache Tika core,org.apache.tika.utils,SystemUtils,102,0,26,0,24,0,20,0,7,0
Apache Tika core,org.apache.tika.utils,XMLReaderUtils.BuiltInPoolSAXParser,1,16,0,0,1,7,0,2,0,2
Apache Tika core,org.apache.tika.utils,XMLReaderUtils.UnrecognizedPoolSAXParser,22,0,0,0,11,0,2,0,2,0
Apache Tika core,org.apache.tika.utils,XMLReaderUtils.PoolDOMBuilder,0,34,0,0,0,13,0,5,0,5
Apache Tika core,org.apache.tika.utils,CompareUtils,3,29,0,4,1,7,1,3,1,1
Apache Tika core,org.apache.tika.utils,ConcurrentUtils,7,28,1,1,2,9,2,1,1,1
Apache Tika core,org.apache.tika.utils,XMLReaderUtils.Xerces2PoolSAXParser,33,0,0,0,13,0,2,0,2,0
Apache Tika core,org.apache.tika.utils,FileProcessResult,74,39,0,0,25,13,16,4,16,4
Apache Tika core,org.apache.tika.utils,DurationFormatUtils,115,0,8,0,28,0,8,0,4,0
Apache Tika core,org.apache.tika.utils,ExceptionUtils,33,28,6,0,10,10,6,2,3,2
Apache Tika core,org.apache.tika.utils,ProcessUtils,259,266,42,12,71,71,30,8,4,7
Apache Tika core,org.apache.tika.utils,DateUtils,2,183,2,12,1,37,2,14,0,9
Apache Tika core,org.apache.tika.utils,XMLReaderUtils.XercesPoolSAXParser,14,0,0,0,7,0,2,0,2,0
Apache Tika core,org.apache.tika.utils,StreamGobbler,39,131,10,16,12,35,8,11,0,6
Apache Tika core,org.apache.tika.parser.external,ExternalParser,389,80,52,4,96,23,33,4,5,4
Apache Tika core,org.apache.tika.parser.external,ExternalParserConfig,73,46,0,0,33,15,20,7,20,7
Apache Tika core,org.apache.tika.exception,UnsupportedFormatException,4,0,0,0,2,0,1,0,1,0
Apache Tika core,org.apache.tika.exception,TikaException,0,9,0,0,0,4,0,2,0,2
Apache Tika core,org.apache.tika.exception,TikaConfigException,9,0,0,0,4,0,2,0,2,0
Apache Tika core,org.apache.tika.exception,AccessPermissionException,18,0,0,0,8,0,4,0,4,0
Apache Tika core,org.apache.tika.exception,TikaTimeoutException,4,0,0,0,2,0,1,0,1,0
Apache Tika core,org.apache.tika.exception,EncryptedDocumentException,18,0,0,0,8,0,4,0,4,0
Apache Tika core,org.apache.tika.exception,EmbeddedLimitReachedException,32,0,3,0,10,0,6,0,4,0
Apache Tika core,org.apache.tika.exception,FileTooLongException,14,0,0,0,5,0,3,0,3,0
Apache Tika core,org.apache.tika.exception,EmbeddedLimitReachedException.LimitType,15,0,0,0,3,0,1,0,1,0
Apache Tika core,org.apache.tika.exception,RuntimeSAXException,4,0,0,0,2,0,1,0,1,0
Apache Tika core,org.apache.tika.exception,WriteLimitReachedException,24,35,6,6,9,13,7,5,1,5
Apache Tika core,org.apache.tika.exception,CorruptedFileException,9,0,0,0,4,0,2,0,2,0
Apache Tika core,org.apache.tika.exception,TikaMemoryLimitException,14,0,0,0,5,0,3,0,3,0
Apache Tika core,org.apache.tika.exception,ZeroByteFileException.IgnoreZeroByteFileException,3,0,0,0,1,0,1,0,1,0
Apache Tika core,org.apache.tika.exception,ZeroByteFileException,9,0,0,0,3,0,2,0,2,0
Apache Tika core,org.apache.tika.language.detect,LanguageDetector,133,0,8,0,43,0,19,0,15,0
Apache Tika core,org.apache.tika.language.detect,LanguageWriter,28,0,0,0,12,0,7,0,7,0
Apache Tika core,org.apache.tika.language.detect,LanguageConfidence,27,0,0,0,2,0,1,0,1,0
Apache Tika core,org.apache.tika.language.detect,LanguageNames,23,16,0,0,8,5,5,2,5,2
Apache Tika core,org.apache.tika.language.detect,LanguageHandler,30,0,0,0,9,0,5,0,5,0
Apache Tika core,org.apache.tika.language.detect,LanguageResult,114,0,8,0,23,0,15,0,11,0
Apache Tika core,org.apache.tika.detect,EncodingProbeCache,35,0,6,0,10,0,6,0,3,0
Apache Tika core,org.apache.tika.detect,DefaultProbDetector,70,0,2,0,20,0,8,0,7,0
Apache Tika core,org.apache.tika.detect,TrainedModel,0,3,0,0,0,1,0,1,0,1
Apache Tika core,org.apache.tika.detect,EncodingDetectorContext.Result,49,0,0,0,10,0,7,0,7,0
Apache Tika core,org.apache.tika.detect,MetadataCharsetDetector,7,99,4,16,4,30,4,14,0,8
Apache Tika core,org.apache.tika.detect,XmlRootExtractor,19,60,4,6,8,17,5,5,1,4
Apache Tika core,org.apache.tika.detect,TrainedModelDetector,59,169,3,13,15,46,5,11,3,5
Apache Tika core,org.apache.tika.detect,BOMDetector,5,143,2,16,2,29,2,11,0,4
Apache Tika core,org.apache.tika.detect,DetectHelper,101,0,10,0,20,0,10,0,5,0
Apache Tika core,org.apache.tika.detect,TypeDetector,0,18,0,4,0,7,0,4,0,2
Apache Tika core,org.apache.tika.detect,AutoDetectReader,159,0,12,0,45,0,17,0,11,0
Apache Tika core,org.apache.tika.detect,HighByteLetterStats,5,93,4,22,3,22,4,12,0,3
Apache Tika core,org.apache.tika.detect,CompositeDetector,90,73,22,8,22,22,17,7,4,5
Apache Tika core,org.apache.tika.detect,ZeroSizeFileDetector,0,20,1,3,0,7,1,3,0,2
Apache Tika core,org.apache.tika.detect,MagicDetector,77,951,19,111,18,178,18,63,1,12
Apache Tika core,org.apache.tika.detect,OverrideEncodingDetector,45,0,0,0,14,0,7,0,7,0
Apache Tika core,org.apache.tika.detect,EmptyDetector,2,8,0,0,1,2,1,2,1,2
Apache Tika core,org.apache.tika.detect,OverrideEncodingDetector.Config,6,0,0,0,2,0,1,0,1,0
Apache Tika core,org.apache.tika.detect,NNTrainedModelBuilder,12,38,0,0,4,13,4,8,4,8
Apache Tika core,org.apache.tika.detect,XmlRootExtractor.ExtractorHandler,0,18,0,0,0,4,0,2,0,2
Apache Tika core,org.apache.tika.detect,CharsetSupersets,12,55,2,4,4,15,2,4,1,2
Apache Tika core,org.apache.tika.detect,EncodingResult.ResultType,0,21,0,0,0,4,0,1,0,1
Apache Tika core,org.apache.tika.detect,TextDetector,0,109,1,9,0,28,1,8,0,4
Apache Tika core,org.apache.tika.detect,DefaultEncodingDetector,15,6,0,0,4,2,2,1,2,1
Apache Tika core,org.apache.tika.detect,NameDetector,7,117,1,21,2,30,1,12,0,2
Apache Tika core,org.apache.tika.detect,CompositeEncodingDetector,497,47,47,3,99,13,32,4,8,3
Apache Tika core,org.apache.tika.detect,NNTrainedModel,2,228,0,16,1,42,1,11,1,3
Apache Tika core,org.apache.tika.detect,DefaultDetector,72,159,20,18,22,42,19,11,3,8
Apache Tika core,org.apache.tika.detect,EncodingResult,70,32,5,3,12,10,10,3,6,3
Apache Tika core,org.apache.tika.detect,EncodingDetectorContext,118,0,16,0,26,0,16,0,8,0
Apache Tika core,org.apache.tika.detect,FileCommandDetector,60,124,10,8,24,29,13,7,5,6
Apache Tika core,org.apache.tika.detect,OverrideDetector,20,3,4,0,7,1,3,1,1,1
Apache Tika core,org.apache.tika.detect,TextStatistics,30,227,5,21,4,30,9,16,4,8
Apache Tika core,org.apache.tika.detect,XmlRootExtractor.MalformedCharException,0,4,0,0,0,2,0,1,0,1
Apache Tika core,org.apache.tika.detect,NNExampleModelDetector,51,155,1,7,17,43,3,9,2,6
Apache Tika core,org.apache.tika.metadata.filter,RemoveByMimeMetadataFilter.Config,8,0,0,0,2,0,1,0,1,0
Apache Tika core,org.apache.tika.metadata.filter,CaptureGroupMetadataFilter,134,0,12,0,42,0,17,0,11,0
Apache Tika core,org.apache.tika.metadata.filter,ExcludeFieldMetadataFilter,57,0,2,0,17,0,8,0,7,0
Apache Tika core,org.apache.tika.metadata.filter,GeoPointMetadataFilter.Config,6,0,0,0,2,0,1,0,1,0
Apache Tika core,org.apache.tika.metadata.filter,LegacyKeyMigrationFilter.Direction,0,15,0,0,0,1,0,1,0,1
Apache Tika core,org.apache.tika.metadata.filter,DefaultMetadataFilter,23,0,0,0,9,0,4,0,4,0
Apache Tika core,org.apache.tika.metadata.filter,DateNormalizingMetadataFilter.Config,6,0,0,0,2,0,1,0,1,0
Apache Tika core,org.apache.tika.metadata.filter,FieldNameMappingFilter,192,0,16,0,34,0,16,0,8,0
Apache Tika core,org.apache.tika.metadata.filter,NoOpFilter,9,0,0,0,3,0,3,0,3,0
Apache Tika core,org.apache.tika.metadata.filter,MetadataFilterBase,0,18,0,2,0,5,0,3,0,2
Apache Tika core,org.apache.tika.metadata.filter,DateNormalizingMetadataFilter,123,0,10,0,34,0,12,0,7,0
Apache Tika core,org.apache.tika.metadata.filter,GeoPointMetadataFilter,54,0,4,0,19,0,8,0,6,0
Apache Tika core,org.apache.tika.metadata.filter,LegacyKeyMigrationFilter.Config,0,9,0,0,0,3,0,1,0,1
Apache Tika core,org.apache.tika.metadata.filter,ExcludeFieldMetadataFilter.Config,8,0,0,0,2,0,1,0,1,0
Apache Tika core,org.apache.tika.metadata.filter,CaptureGroupMetadataFilter.Config,3,0,0,0,1,0,1,0,1,0
Apache Tika core,org.apache.tika.metadata.filter,ClearByAttachmentTypeMetadataFilter,135,0,12,0,35,0,13,0,7,0
Apache Tika core,org.apache.tika.metadata.filter,LegacyKeyMigrationFilter,16,337,5,45,3,64,4,31,0,10
Apache Tika core,org.apache.tika.metadata.filter,RemoveByMimeMetadataFilter,71,0,4,0,23,0,10,0,8,0
Apache Tika core,org.apache.tika.metadata.filter,IncludeFieldMetadataFilter,67,0,4,0,17,0,9,0,7,0
Apache Tika core,org.apache.tika.metadata.filter,IncludeFieldMetadataFilter.Config,8,0,0,0,2,0,1,0,1,0
Apache Tika core,org.apache.tika.metadata.filter,CompositeMetadataFilter,63,0,4,0,19,0,9,0,7,0
Apache Tika core,org.apache.tika.metadata.filter,MetadataFilter,1,15,0,0,1,5,1,3,1,3
Apache Tika core,org.apache.tika.metadata.filter,FieldNameMappingFilter.Config,11,0,0,0,3,0,1,0,1,0
Apache Tika core,org.apache.tika.metadata.filter,ClearByAttachmentTypeMetadataFilter.Config,8,0,0,0,2,0,1,0,1,0
Apache Tika core,org.apache.tika.renderer,RenderingState,3,0,0,0,1,0,1,0,1,0
Apache Tika core,org.apache.tika.renderer,PageRangeRequest,69,0,10,0,14,0,11,0,6,0
Apache Tika core,org.apache.tika.renderer,PageBasedRenderResults,49,0,4,0,13,0,5,0,3,0
Apache Tika core,org.apache.tika.renderer,CompositeRenderer,77,39,9,1,16,13,8,3,3,3
Apache Tika core,org.apache.tika.renderer,RenderResults,28,0,0,0,10,0,4,0,4,0
Apache Tika core,org.apache.tika.renderer,RenderResult.STATUS,21,0,0,0,4,0,1,0,1,0
Apache Tika core,org.apache.tika.renderer,RenderingTracker,14,0,0,0,3,0,2,0,2,0
Apache Tika core,org.apache.tika.renderer,RenderResult.new Closeable() {...},14,0,0,0,3,0,2,0,2,0
Apache Tika core,org.apache.tika.renderer,RenderResult,74,0,6,0,21,0,9,0,6,0
Apache Tika core,org.apache.tika.mime,AndClause,0,62,0,6,0,12,0,7,0,4
Apache Tika core,org.apache.tika.mime,MimeType,154,258,58,32,27,75,38,37,5,25
Apache Tika core,org.apache.tika.mime,OrClause,0,52,0,6,0,14,0,7,0,4
Apache Tika core,org.apache.tika.mime,Patterns,63,325,22,42,8,69,16,24,0,8
Apache Tika core,org.apache.tika.mime,MimeTypesFactory,67,148,3,13,14,31,11,9,8,4
Apache Tika core,org.apache.tika.mime,MagicMatch,0,62,0,2,0,14,0,6,0,5
Apache Tika core,org.apache.tika.mime,MimeType.RootXML,27,67,2,14,6,17,6,9,4,3
Apache Tika core,org.apache.tika.mime,MimeTypesReader.ClauseRecord,0,113,0,10,0,21,0,8,0,3
Apache Tika core,org.apache.tika.mime,MediaTypeRegistry,18,216,5,37,4,47,5,29,1,12
Apache Tika core,org.apache.tika.mime,MimeTypesReader.MinShouldMatchVal,7,9,0,0,2,4,2,2,2,2
Apache Tika core,org.apache.tika.mime,MimeTypes,84,659,16,90,23,168,18,55,2,18
Apache Tika core,org.apache.tika.mime,MimeTypeException,5,4,0,0,2,2,1,1,1,1
Apache Tika core,org.apache.tika.mime,Patterns.LengthComparator,0,14,0,2,0,4,0,2,0,1
Apache Tika core,org.apache.tika.mime,ProbabilisticMimeDetectionSelector.Builder,58,0,0,0,22,0,12,0,12,0
Apache Tika core,org.apache.tika.mime,ProbabilisticMimeDetectionSelector,227,730,50,96,37,174,37,44,2,6
Apache Tika core,org.apache.tika.mime,MediaType,144,554,23,67,30,125,23,50,6,22
Apache Tika core,org.apache.tika.mime,MinShouldMatchClause,0,94,1,15,0,24,1,11,0,4
Apache Tika core,org.apache.tika.mime,HexCoDec,209,0,18,0,25,0,17,0,8,0
Apache Tika core,org.apache.tika.mime,MimeTypesReader,97,470,4,56,27,120,8,36,4,10
Apache Tika core,org.apache.tika.mime,Magic,35,65,6,6,6,18,6,9,3,6
Apache Tika core,org.apache.tika.io,CachingSource,56,389,12,62,13,104,11,40,2,12
Apache Tika core,org.apache.tika.io,LookaheadInputStream,0,164,0,16,0,40,0,18,0,10
Apache Tika core,org.apache.tika.io,FileSource,37,124,4,10,8,35,7,14,3,11
Apache Tika core,org.apache.tika.io,FilenameUtils,64,807,24,86,21,154,23,46,1,13
Apache Tika core,org.apache.tika.io,StreamCache,36,345,12,30,10,79,13,23,2,13
Apache Tika core,org.apache.tika.io,BoundedInputStream,171,0,16,0,34,0,22,0,14,0
Apache Tika core,org.apache.tika.io,SpoolingStrategy,117,0,18,0,31,0,17,0,8,0
Apache Tika core,org.apache.tika.io,ByteArraySource,49,139,7,9,10,34,8,13,3,10
Apache Tika core,org.apache.tika.io,TikaInputStream,377,420,40,36,92,108,46,38,18,28
Apache Tika core,org.apache.tika.io,CachingInputStream,99,212,16,22,27,53,18,16,6,9
Apache Tika core,org.apache.tika.io,StreamCache.CacheInputStream,64,0,8,0,15,0,7,0,3,0
Apache Tika core,org.apache.tika.io,EndianUtils.BufferUnderrunException,0,4,0,0,0,2,0,1,0,1
Apache Tika core,org.apache.tika.io,TailStream,0,287,0,22,0,61,0,23,0,12
Apache Tika core,org.apache.tika.io,EndianUtils,527,158,18,10,90,31,39,7,28,4
Apache Tika core,org.apache.tika.io,TemporaryResources,87,78,12,6,24,26,12,10,5,8
Apache Tika core,org.apache.tika.quality,TextQualityScore,79,0,2,0,17,0,9,0,8,0
Apache Tika core,org.apache.tika.quality,TextQualityComparison,76,0,0,0,16,0,8,0,8,0
Apache Tika core,org.apache.tika.concurrent,SimpleThreadPoolExecutor,6,11,0,0,1,2,1,1,1,1
Apache Tika core,org.apache.tika.extractor,UnpackSelector,5,0,0,0,1,0,1,0,1,0
Apache Tika core,org.apache.tika.extractor,DefaultEmbeddedStreamTranslator,45,21,8,0,11,9,6,3,2,3
Apache Tika core,org.apache.tika.extractor,SkipEmbeddedDocumentSelector,5,0,0,0,2,0,2,0,2,0
Apache Tika core,org.apache.tika.extractor,ParentContentHandler,9,0,0,0,4,0,2,0,2,0
Apache Tika core,org.apache.tika.extractor,EmbeddedDocumentUtil.EmbeddedResourcePrefix,0,35,0,0,0,8,0,3,0,3
Apache Tika core,org.apache.tika.extractor,ParserContainerExtractor.RecursiveParser,73,0,2,0,16,0,4,0,3,0
Apache Tika core,org.apache.tika.extractor,EmbeddedDocumentUtil,255,123,47,15,75,32,40,13,13,9
Apache Tika core,org.apache.tika.extractor,ParserContainerExtractor,64,0,0,0,14,0,4,0,4,0
Apache Tika core,org.apache.tika.extractor,StandardExtractorFactory,0,8,0,0,0,2,0,2,0,2
Apache Tika core,org.apache.tika.extractor,UnpackSelector.AcceptAll,5,0,0,0,2,0,2,0,2,0
Apache Tika core,org.apache.tika.extractor,ParsingEmbeddedDocumentExtractor,269,16,54,0,68,5,33,2,6,2
Apache Tika core,org.apache.tika.sax,StandardsExtractingContentHandler,109,0,6,0,30,0,10,0,7,0
Apache Tika core,org.apache.tika.sax,ToXMLContentHandler,9,364,3,25,2,88,2,25,0,13
Apache Tika core,org.apache.tika.sax,TaggedSAXException,3,13,0,0,1,4,1,2,1,2
Apache Tika core,org.apache.tika.sax,Link,177,27,18,0,41,10,18,4,9,4
Apache Tika core,org.apache.tika.sax,SafeContentHandler.StringOutput,20,0,0,0,5,0,3,0,3,0
Apache Tika core,org.apache.tika.sax,XHTMLBalancingHandler.QName,6,18,3,3,0,5,3,1,0,1
Apache Tika core,org.apache.tika.sax,ToMarkdownContentHandler,38,952,17,142,9,254,15,111,0,32
Apache Tika core,org.apache.tika.sax,LinkContentHandler,53,199,10,24,11,43,9,15,1,6
Apache Tika core,org.apache.tika.sax,ToTextContentHandler,49,85,7,7,9,27,7,9,0,9
Apache Tika core,org.apache.tika.sax,OfflineContentHandler,0,11,0,0,0,3,0,2,0,2
Apache Tika core,org.apache.tika.sax,ContentHandlerFactory,2,0,0,0,1,0,1,0,1,0
Apache Tika core,org.apache.tika.sax,ContentHandlerDecorator,103,101,8,4,35,44,9,17,4,16
Apache Tika core,org.apache.tika.sax,TeeContentHandler,246,0,22,0,36,0,23,0,12,0
Apache Tika core,org.apache.tika.sax,StandardOrganizations,521,0,0,0,109,0,4,0,4,0
Apache Tika core,org.apache.tika.sax,TaggedContentHandler,30,10,8,0,9,3,6,2,2,2
Apache Tika core,org.apache.tika.sax,BasicContentHandlerFactory.NoOpContentHandler,0,2,0,0,0,1,0,1,0,1
Apache Tika core,org.apache.tika.sax,SecureContentHandler,29,227,6,16,6,57,7,21,2,15
Apache Tika core,org.apache.tika.sax,ExpandedTitleContentHandler,68,0,12,0,21,0,12,0,6,0
Apache Tika core,org.apache.tika.sax,StrictXHTMLValidator,92,199,16,18,22,56,16,16,2,13
Apache Tika core,org.apache.tika.sax,LinkBuilder,8,82,1,7,2,25,2,10,1,7
Apache Tika core,org.apache.tika.sax,StandardsText,163,0,20,0,42,0,15,0,5,0
Apache Tika core,org.apache.tika.sax,StandardReference,77,0,4,0,27,0,14,0,12,0
Apache Tika core,org.apache.tika.sax,StrictXHTMLValidator.QName,15,58,10,6,1,12,9,2,1,2
Apache Tika core,org.apache.tika.sax,TextAndAttributeContentHandler,66,0,4,0,15,0,5,0,3,0
Apache Tika core,org.apache.tika.sax,WriteOutContentHandler,40,141,6,10,12,34,6,12,1,9
Apache Tika core,org.apache.tika.sax,EmbeddedContentHandler,6,0,0,0,4,0,3,0,3,0
Apache Tika core,org.apache.tika.sax,ToXMLContentHandler.ElementInfo,6,57,2,10,1,17,2,7,0,3
Apache Tika core,org.apache.tika.sax,StandardReference.StandardReferenceBuilder,45,0,0,0,13,0,4,0,4,0
Apache Tika core,org.apache.tika.sax,XHTMLBalancingHandler,0,62,0,4,0,16,0,7,0,5
Apache Tika core,org.apache.tika.sax,CleanPhoneText,2782,0,12,0,26,0,10,0,4,0
Apache Tika core,org.apache.tika.sax,RecursiveParserWrapperHandler,80,103,11,9,18,29,10,7,2,5
Apache Tika core,org.apache.tika.sax,ElementMappingContentHandler.TargetElement,79,0,4,0,19,0,9,0,7,0
Apache Tika core,org.apache.tika.sax,SecureContentHandler.SecureSAXException,1,14,1,1,0,4,1,2,0,2
Apache Tika core,org.apache.tika.sax,SAXOutputConfig,7,26,0,0,3,11,2,5,2,5
Apache Tika core,org.apache.tika.sax,TextContentHandler,64,0,2,0,21,0,11,0,10,0
Apache Tika core,org.apache.tika.sax,BasicContentHandlerFactory,227,238,39,24,48,50,38,25,10,13
Apache Tika core,org.apache.tika.sax,DIFContentHandler,389,0,20,0,76,0,20,0,10,0
Apache Tika core,org.apache.tika.sax,XMPContentHandler,230,0,8,0,58,0,13,0,9,0
Apache Tika core,org.apache.tika.sax,StoppingEarlyException,8,0,0,0,2,0,2,0,2,0
Apache Tika core,org.apache.tika.sax,ElementMappingContentHandler,72,0,6,0,18,0,7,0,4,0
Apache Tika core,org.apache.tika.sax,ToHTMLContentHandler,0,92,0,4,0,15,0,7,0,5
Apache Tika core,org.apache.tika.sax,SafeContentHandler,75,185,16,22,15,45,10,22,0,13
Apache Tika core,org.apache.tika.sax,BodyContentHandler,7,32,0,0,2,9,1,4,1,4
Apache Tika core,org.apache.tika.sax,XHTMLContentHandler,48,613,19,43,11,114,20,30,1,18
Apache Tika core,org.apache.tika.sax,AbstractRecursiveParserWrapperHandler,33,26,2,0,9,10,4,5,3,5
Apache Tika core,org.apache.tika.sax,EndDocumentShieldingContentHandler,17,0,0,0,8,0,4,0,4,0
Apache Tika core,org.apache.tika.sax,PhoneExtractingContentHandler,71,0,2,0,19,0,5,0,4,0
Apache Tika core,org.apache.tika.sax,BasicContentHandlerFactory.HANDLER_TYPE,0,39,0,0,0,3,0,1,0,1
Apache Tika core,org.apache.tika.sax,RichTextContentHandler,0,51,2,6,0,10,2,4,0,2
Apache Tika core,org.apache.tika,Tika,444,60,7,1,107,15,36,5,32,5
Apache Tika core,org.apache.tika.embedder,ExternalEmbedder,600,0,74,0,161,0,65,0,28,0
Apache Tika core,org.apache.tika.parser,RegexCaptureParserConfig,8,29,0,0,4,10,2,5,2,5
Apache Tika core,org.apache.tika.parser,SimplePasswordProvider,19,0,0,0,9,0,5,0,5,0
Apache Tika core,org.apache.tika.parser,ParsingIntent,0,5,0,0,0,1,0,1,0,1
Apache Tika core,org.apache.tika.parser,DelegatingParser,21,3,0,0,4,1,3,1,3,1
Apache Tika core,org.apache.tika.parser,StatefulParser,0,4,0,0,0,2,0,1,0,1
Apache Tika core,org.apache.tika.parser,RecursiveParserWrapper.ParserState,0,15,0,0,0,5,0,1,0,1
Apache Tika core,org.apache.tika.parser,AbstractExternalProcessParser,34,0,0,0,10,0,5,0,5,0
Apache Tika core,org.apache.tika.parser,CompositeParser,267,287,36,28,55,74,36,17,11,10
Apache Tika core,org.apache.tika.parser,ParseContext.StringJsonConfig,0,6,0,0,0,1,0,1,0,1
Apache Tika core,org.apache.tika.parser,ParserPostProcessor,64,0,2,0,13,0,3,0,2,0
Apache Tika core,org.apache.tika.parser,MetadataOnlyParse,5,0,0,0,1,0,1,0,1,0
Apache Tika core,org.apache.tika.parser,AutoDetectParser,83,197,13,13,20,55,17,12,6,10
Apache Tika core,org.apache.tika.parser,NetworkParser.MetaHandler,34,0,8,0,9,0,6,0,2,0
Apache Tika core,org.apache.tika.parser,RecursiveParserWrapper,92,115,15,3,25,32,11,3,2,3
Apache Tika core,org.apache.tika.parser,ParseRecord,75,131,7,1,26,37,18,14,14,14
Apache Tika core,org.apache.tika.parser,AbstractParser,12,0,0,0,3,0,2,0,2,0
Apache Tika core,org.apache.tika.parser,ParsingReader,202,0,12,0,53,0,18,0,12,0
Apache Tika core,org.apache.tika.parser,ParsingReader.ParsingTask,51,0,2,0,13,0,3,0,2,0
Apache Tika core,org.apache.tika.parser,NetworkParser,80,0,2,0,19,0,5,0,4,0
Apache Tika core,org.apache.tika.parser,NetworkParser.new FilterOutputStream() {...},14,0,0,0,3,0,2,0,2,0
Apache Tika core,org.apache.tika.parser,CryptoParser,110,0,12,0,29,0,10,0,4,0
Apache Tika core,org.apache.tika.parser,RecursiveParserWrapper.RecursivelySecureContentHandler,68,69,12,4,21,20,9,6,1,6
Apache Tika core,org.apache.tika.parser,RecursiveParserWrapper.EmbeddedParserDecorator,208,27,15,1,47,9,9,1,1,1
Apache Tika core,org.apache.tika.parser,NetworkParser.ParsingTask,103,0,2,0,29,0,4,0,3,0
Apache Tika core,org.apache.tika.parser,ErrorParser,0,15,0,0,0,4,0,4,0,4
Apache Tika core,org.apache.tika.parser,RegexCaptureParser,77,208,7,19,15,41,10,10,4,3
Apache Tika core,org.apache.tika.parser,ParseContext,120,148,25,15,28,34,25,13,8,10
Apache Tika core,org.apache.tika.parser,AbstractEncodingDetectorParser,33,0,2,0,13,0,6,0,5,0
Apache Tika core,org.apache.tika.parser,RecursiveParserWrapper.SecureHandlerCounter,15,12,0,0,3,5,2,1,2,1
Apache Tika core,org.apache.tika.parser,ParserDecorator.MimeFilteringDecorator,8,65,1,7,3,15,4,5,3,2
Apache Tika core,org.apache.tika.parser,DefaultParser,156,135,21,15,33,40,22,10,6,8
Apache Tika core,org.apache.tika.parser,ParserDecorator,23,54,10,2,6,13,8,7,2,7
Apache Tika core,org.apache.tika.parser,AutoDetectParserConfig.new ContentHandlerDecoratorFactory() {...},0,5,0,0,0,2,0,2,0,2
Apache Tika core,org.apache.tika.parser,AutoDetectParserConfig,15,24,0,0,5,8,3,4,3,4
Apache Tika core,org.apache.tika.parser,EmptyParser,0,22,0,0,0,7,0,4,0,4
Apache Tika core,org.apache.tika.metadata,Geographic,0,13,0,0,0,4,0,1,0,1
Apache Tika core,org.apache.tika.metadata,Message,59,0,0,0,21,0,1,0,1,0
Apache Tika core,org.apache.tika.metadata,Property,151,315,19,17,28,64,24,38,11,33
Apache Tika core,org.apache.tika.metadata,MAPI,101,0,0,0,33,0,1,0,1,0
Apache Tika core,org.apache.tika.metadata,WARC,13,0,0,0,4,0,1,0,1,0
Apache Tika core,org.apache.tika.metadata,QuattroPro,13,0,0,0,4,0,1,0,1,0
Apache Tika core,org.apache.tika.metadata,PDF,178,0,0,0,62,0,1,0,1,0
Apache Tika core,org.apache.tika.metadata,OfficeOpenXMLCore,29,0,0,0,7,0,1,0,1,0
Apache Tika core,org.apache.tika.metadata,PassthroughPrefix,25,29,0,0,6,8,6,3,6,3
Apache Tika core,org.apache.tika.metadata,IPTC,667,0,0,0,106,0,1,0,1,0
Apache Tika core,org.apache.tika.metadata,FileSystem,10,0,0,0,3,0,1,0,1,0
Apache Tika core,org.apache.tika.metadata,Property.PropertyType,0,39,0,0,0,6,0,1,0,1
Apache Tika core,org.apache.tika.metadata,XMPIdq,4,0,0,0,1,0,1,0,1,0
Apache Tika core,org.apache.tika.metadata,XMPMM,72,0,0,0,18,0,1,0,1,0
Apache Tika core,org.apache.tika.metadata,TIFF,0,111,0,0,0,23,0,1,0,1
Apache Tika core,org.apache.tika.metadata,Office,0,177,0,0,0,56,0,1,0,1
Apache Tika core,org.apache.tika.metadata,MachineMetadata.Endian,35,0,2,0,11,0,6,0,5,0
Apache Tika core,org.apache.tika.metadata,Google,22,0,0,0,9,0,1,0,1,0
Apache Tika core,org.apache.tika.metadata,ExternalProcess,25,0,0,0,8,0,1,0,1,0
Apache Tika core,org.apache.tika.metadata,XMP,0,34,0,0,0,11,0,1,0,1
Apache Tika core,org.apache.tika.metadata,TikaPagedText,0,10,0,0,0,4,0,1,0,1
Apache Tika core,org.apache.tika.metadata,XMPRights,16,0,0,0,5,0,1,0,1,0
Apache Tika core,org.apache.tika.metadata,Audio,28,0,0,0,9,0,1,0,1,0
Apache Tika core,org.apache.tika.metadata,XMPDC,52,0,0,0,17,0,1,0,1,0
Apache Tika core,org.apache.tika.metadata,XMPDM,418,0,0,0,61,0,1,0,1,0
Apache Tika core,org.apache.tika.metadata,Metadata,425,688,65,89,94,166,52,70,11,34
Apache Tika core,org.apache.tika.metadata,XMPDM.ChannelTypePropertyConverter,69,0,20,0,22,0,14,0,4,0
Apache Tika core,org.apache.tika.metadata,XMPTIFF,37,0,0,0,12,0,1,0,1,0
Apache Tika core,org.apache.tika.metadata,TikaCoreProperties,0,245,0,0,0,106,0,1,0,1
Apache Tika core,org.apache.tika.metadata,Metadata.new MetadataWriteLimiter() {...},2,67,1,5,1,15,1,6,0,4
Apache Tika core,org.apache.tika.metadata,Database,13,0,0,0,4,0,1,0,1,0
Apache Tika core,org.apache.tika.metadata,PST,7,0,0,0,2,0,1,0,1,0
Apache Tika core,org.apache.tika.metadata,Zip,49,0,0,0,20,0,1,0,1,0
Apache Tika core,org.apache.tika.metadata,Font,4,0,0,0,1,0,1,0,1,0
Apache Tika core,org.apache.tika.metadata,ReservedNamespaces,0,14,0,6,0,3,0,4,0,1
Apache Tika core,org.apache.tika.metadata,Photoshop,105,0,0,0,17,0,1,0,1,0
Apache Tika core,org.apache.tika.metadata,Epub,17,0,0,0,2,0,1,0,1,0
Apache Tika core,org.apache.tika.metadata,TikaCoreProperties.EmbeddedResourceType,0,57,0,0,0,10,0,1,0,1
Apache Tika core,org.apache.tika.metadata,XMPPDF,13,0,0,0,4,0,1,0,1,0
Apache Tika core,org.apache.tika.metadata,PageAnchoring,7,86,1,13,1,21,1,9,0,3
Apache Tika core,org.apache.tika.metadata,Property.ValueType,0,93,0,0,0,3,0,1,0,1
Apache Tika core,org.apache.tika.metadata,MachineMetadata,171,0,0,0,8,0,1,0,1,0
Apache Tika core,org.apache.tika.metadata,RTFMetadata,23,0,0,0,7,0,1,0,1,0
Apache Tika core,org.apache.tika.metadata,WordPerfect,22,0,0,0,7,0,1,0,1,0
Apache Tika core,org.apache.tika.metadata,AccessPermissions,25,0,0,0,9,0,1,0,1,0
Apache Tika core,org.apache.tika.metadata,PagedText,4,0,0,0,1,0,1,0,1,0
Apache Tika core,org.apache.tika.metadata,HTML,8,0,0,0,2,0,1,0,1,0
Apache Tika core,org.apache.tika.metadata,QuickTime,4,0,0,0,1,0,1,0,1,0
Apache Tika core,org.apache.tika.metadata,Rendering,7,0,0,0,2,0,1,0,1,0
Apache Tika core,org.apache.tika.metadata,DWG,17,0,0,0,6,0,1,0,1,0
Apache Tika core,org.apache.tika.metadata,DublinCore,0,52,0,0,0,17,0,1,0,1
Apache Tika core,org.apache.tika.metadata,Video,7,0,0,0,2,0,1,0,1,0
Apache Tika core,org.apache.tika.metadata,OfficeOpenXMLExtended,0,63,0,0,0,12,0,1,0,1
Apache Tika core,org.apache.tika.metadata,PassthroughPrefix.Provenance,0,15,0,0,0,1,0,1,0,1
Apache Tika core,org.apache.tika.metadata,HttpHeaders,0,25,0,0,0,8,0,1,0,1
Apache Tika core,org.apache.tika.metadata,PropertyTypeException,11,20,2,0,4,6,2,3,1,3
Apache Tika core,org.apache.tika.parser.multiple,SupplementingParser,0,47,0,4,0,11,0,6,0,4
Apache Tika core,org.apache.tika.parser.multiple,AbstractMultipleParser.MetadataPolicy,0,27,0,0,0,5,0,1,0,1
Apache Tika core,org.apache.tika.parser.multiple,AbstractMultipleParser,58,350,12,38,17,74,15,23,6,6
Apache Tika core,org.apache.tika.parser.multiple,FallbackParser,0,22,0,2,0,7,0,5,0,4
Apache Tika core,org.apache.tika.sax.xpath,MatchingContentHandler,30,108,6,14,7,26,7,10,2,5
Apache Tika core,org.apache.tika.sax.xpath,SubtreeMatcher,16,25,3,1,2,8,3,4,1,4
Apache Tika core,org.apache.tika.sax.xpath,TextMatcher,0,10,0,0,0,3,0,3,0,3
Apache Tika core,org.apache.tika.sax.xpath,NodeMatcher,2,12,0,0,1,4,1,4,1,4
Apache Tika core,org.apache.tika.sax.xpath,ElementMatcher,0,10,0,0,0,3,0,3,0,3
Apache Tika core,org.apache.tika.sax.xpath,NamedElementMatcher,0,27,0,4,0,7,0,4,0,2
Apache Tika core,org.apache.tika.sax.xpath,ChildMatcher,0,9,0,0,0,4,0,2,0,2
Apache Tika core,org.apache.tika.sax.xpath,CompositeMatcher,44,43,16,4,6,10,11,4,1,4
Apache Tika core,org.apache.tika.sax.xpath,Matcher,0,16,0,0,0,6,0,6,0,6
Apache Tika core,org.apache.tika.sax.xpath,XPathParser,19,192,7,25,6,44,7,13,0,4
Apache Tika core,org.apache.tika.sax.xpath,AttributeMatcher,0,10,0,0,0,3,0,3,0,3
Apache Tika core,org.apache.tika.sax.xpath,NamedAttributeMatcher,0,23,0,4,0,5,0,4,0,2
Apache Tika core,org.apache.tika.digest,SkipContainerDocumentDigest,13,0,2,0,2,0,3,0,2,0
Apache Tika core,org.apache.tika.digest,DigestDef,80,0,2,0,25,0,9,0,8,0
Apache Tika core,org.apache.tika.digest,DigestHelper,69,13,13,1,20,4,8,2,1,2
Apache Tika core,org.apache.tika.digest,DigesterFactory,2,0,0,0,1,0,1,0,1,0
Apache Tika core,org.apache.tika.digest,DigestDef.Encoding,21,0,0,0,4,0,1,0,1,0
Apache Tika core,org.apache.tika.digest,DigestDef.Algorithm,77,0,0,0,14,0,3,0,3,0
Apache Tika core,org.apache.tika.digest,CompositeDigester,29,0,2,0,6,0,3,0,2,0
Apache Tika core,org.apache.tika.digest,InputStreamDigester,11,86,2,4,3,25,2,7,0,6
Apache Tika core,org.apache.tika.config,ConfigValidator,19,0,4,0,6,0,4,0,2,0
Apache Tika core,org.apache.tika.config,TikaProgressTracker,0,31,0,4,0,12,0,6,0,4
Apache Tika core,org.apache.tika.config,TikaActivator,100,0,4,0,29,0,9,0,7,0
Apache Tika core,org.apache.tika.config,EmbeddedLimits,134,40,20,2,27,13,19,6,8,6
Apache Tika core,org.apache.tika.config,TimeoutLimits,134,0,18,0,32,0,20,0,11,0
Apache Tika core,org.apache.tika.config,ConfigDeserializer,111,0,6,0,28,0,7,0,4,0
Apache Tika core,org.apache.tika.config,ServiceLoader.RankedService,21,0,0,0,6,0,3,0,3,0
Apache Tika core,org.apache.tika.config,TikaExtras,44,194,3,25,9,47,4,16,1,5
Apache Tika core,org.apache.tika.config,ServiceLoader,146,268,22,20,37,73,22,18,6,13
Apache Tika core,org.apache.tika.config,ParseContextConfig,110,42,9,7,16,18,7,6,1,4
Apache Tika core,org.apache.tika.config,OutputLimits,198,46,22,2,37,15,24,6,12,6
Apache Tika core,org.apache.tika.language.translate,EmptyTranslator,9,0,0,0,4,0,4,0,4,0
Apache Tika core,org.apache.tika.language.translate,DefaultTranslator,81,12,12,0,21,5,13,2,7,2
